83,76,83,75,84,89,80,81,70,80
78,81,73,70,79,79,73,89,76,80
127,135,127,131,132,124,137,139,133,130
131,122,136,126,138,128,126,126,123,130
84,87,80,87,85,87,72,83,79,80
121,133,134,121,120,123,137,135,124,130
79,89,70,78,72,86,73,73,82,80
137,126,139,135,123,131,138,134,129,130
88,71,84,75,70,83,89,77,85,80
76,85,82,84,85,83,84,84,81,80
135,134,136,124,130,138,129,123,124,130
87,86,74,84,82,84,71,76,79,80
88,84,86,77,86,84,71,81,70,80
132,124,121,136,133,123,138,137,121,130
120,134,125,126,139,123,137,124,136,130
122,127,139,138,132,134,139,121,131,130
80,77,81,79,76,84,87,73,79,80
87,87,77,80,81,88,80,73,79,80
136,125,135,123,131,139,129,132,130,130
76,75,75,75,74,77,83,84,73,80
76,88,75,88,88,74,79,86,70,80
121,126,135,139,139,123,139,130,127,130
71,76,70,81,86,84,80,84,82,80
131,127,120,138,133,126,136,123,120,130
120,121,130,129,137,132,134,125,129,130
139,134,132,138,133,121,129,131,139,130
135,136,130,122,135,132,124,124,139,130
134,137,125,135,122,120,139,133,129,130
73,84,75,72,89,87,85,72,84,80
130,130,134,124,132,126,125,139,126,130
88,79,77,88,84,76,73,81,75,80
71,71,79,74,70,87,85,83,72,80
85,76,73,70,81,79,84,74,87,80
138,133,136,132,136,125,128,135,130,130
82,72,79,80,77,76,82,85,86,80
139,124,137,126,136,121,132,130,126,130
87,88,82,78,81,88,80,88,80,80
83,71,73,80,88,86,78,76,78,80
70,81,74,74,71,86,71,81,73,80
122,138,133,125,131,134,131,134,122,130
139,137,137,134,135,136,127,134,135,130
133,125,124,130,124,136,123,131,132,130
138,124,126,131,138,136,122,123,124,130
73,85,72,78,71,82,89,82,73,80
76,75,76,87,89,73,78,87,70,80
83,78,71,79,70,73,71,79,77,80
127,135,133,132,130,130,130,138,127,130
123,134,139,129,134,133,128,126,121,130
124,128,136,139,127,126,127,125,135,130
125,130,126,135,126,124,138,124,134,130
70,82,85,89,79,85,76,83,73,80
83,80,85,76,70,82,83,89,87,80
73,86,80,80,88,77,74,70,70,80
83,85,89,81,82,83,84,77,81,80
136,124,122,130,127,130,123,136,125,130
128,120,124,137,127,129,136,130,130,130
136,132,135,130,132,133,124,125,123,130
88,82,75,74,81,89,82,88,86,80
129,124,134,124,128,134,123,137,139,130
137,137,130,132,132,127,122,137,122,130
77,84,70,70,76,81,89,85,70,80
138,137,126,129,121,138,123,128,135,130
78,77,76,70,74,77,76,87,88,80
89,70,75,81,83,83,80,78,88,80
137,120,121,138,131,120,122,138,132,130
85,82,70,72,88,75,85,82,70,80
75,76,87,78,82,74,77,80,80,80
81,88,82,88,88,72,89,74,87,80
125,134,130,134,123,129,127,129,121,130
89,85,89,74,84,88,73,82,70,80
70,74,84,89,79,84,82,79,70,80
133,129,120,134,123,137,134,125,134,130
85,70,89,85,74,74,83,79,80,80
138,138,125,122,123,130,128,132,134,130
86,72,74,82,77,87,70,71,84,80
86,81,85,78,80,78,72,86,85,80
138,128,127,126,130,126,128,132,139,130
120,123,139,134,133,130,136,121,129,130
139,127,135,127,121,120,123,122,130,130
79,81,85,84,80,83,76,86,79,80
81,76,77,70,89,77,72,81,83,80
138,139,133,124,139,120,126,122,138,130
72,79,84,77,70,71,89,82,70,80
76,88,80,71,80,84,81,78,88,80
72,83,88,82,89,80,76,86,75,80
84,78,79,86,86,75,73,75,74,80
86,85,74,89,86,80,82,75,85,80
136,133,135,128,132,127,134,125,129,130
70,79,71,87,89,86,83,84,79,80
75,78,72,75,77,73,88,85,70,80
85,84,87,79,87,71,84,82,87,80
85,73,77,88,81,77,73,83,82,80
133,137,138,132,121,125,127,130,131,130
129,130,132,130,123,127,126,131,123,130
83,83,88,86,89,81,71,78,84,80
73,77,86,81,78,88,76,70,73,80
135,122,133,128,130,124,126,130,124,130
70,89,72,75,78,87,79,88,83,80
75,84,80,78,76,76,84,88,87,80
77,73,86,85,89,74,84,80,71,80
85,83,86,77,76,84,70,74,86,80
73,82,77,87,77,89,78,83,82,80
126,120,126,125,129,124,130,135,129,130
81,85,73,72,87,75,80,70,70,80
120,130,122,124,121,126,127,134,122,130
131,121,139,122,130,130,125,121,127,130
74,70,70,72,86,88,70,70,81,80
138,132,124,125,127,127,138,129,131,130
121,120,121,125,131,132,138,120,129,130
136,134,127,138,130,139,123,130,128,130
133,134,137,123,136,124,125,134,127,130
122,132,124,137,131,135,122,126,128,130
88,80,75,86,82,80,75,82,77,80
81,83,72,84,71,83,71,72,73,80
139,121,134,134,123,128,130,138,128,130
89,78,87,81,83,89,70,72,74,80
77,89,88,79,86,86,85,70,73,80
81,71,80,80,76,71,75,71,81,80
135,139,121,120,125,138,132,120,134,130
83,78,79,76,71,75,87,82,83,80
84,76,70,74,71,75,80,77,79,80
123,132,132,131,122,132,123,135,126,130
137,137,138,122,125,130,128,122,121,130
87,85,84,88,80,79,73,89,74,80
81,79,73,85,76,82,74,71,86,80
77,77,84,83,82,86,86,76,74,80
71,80,79,82,76,82,73,89,77,80
85,87,88,76,80,73,83,81,81,80
133,121,123,125,138,123,129,132,136,130
79,88,83,83,83,83,87,85,79,80
89,70,87,75,75,73,76,80,83,80
120,137,131,135,131,130,136,136,134,130
135,125,135,131,123,126,128,120,135,130
136,125,133,126,128,130,138,125,137,130
130,137,125,129,129,134,122,124,126,130
126,136,121,124,134,136,139,125,126,130
131,128,122,124,132,132,128,131,126,130
78,83,85,82,81,80,85,81,88,80
135,122,138,129,132,137,130,132,133,130
139,137,123,121,126,126,125,126,120,130
71,73,84,80,87,75,83,74,73,80
127,135,123,132,137,122,135,138,120,130
72,87,85,77,70,72,77,86,86,80
139,123,126,137,133,131,138,124,128,130
133,138,127,127,139,133,131,124,127,130
123,130,131,124,125,130,125,129,137,130
126,136,129,125,134,135,122,136,123,130
138,121,135,139,137,128,129,127,121,130
121,139,129,131,137,123,126,132,125,130
72,81,82,81,81,85,73,77,76,80
72,82,72,74,88,78,74,89,81,80
83,82,77,72,75,82,71,76,89,80
78,84,74,83,80,76,81,77,82,80
71,83,83,80,74,78,86,82,83,80
128,132,137,121,123,139,135,135,134,130
135,121,125,122,135,139,120,139,127,130
81,89,79,79,74,83,71,86,84,80
85,86,74,86,83,81,78,80,83,80
71,84,87,85,78,71,72,76,78,80
85,79,85,82,71,71,77,84,83,80
76,76,75,89,73,77,83,85,84,80
124,122,126,122,135,128,120,131,134,130
84,81,76,87,78,80,89,80,79,80
126,125,128,136,129,125,124,126,131,130
134,129,121,120,130,122,139,123,134,130
120,131,135,121,123,128,128,137,134,130
127,135,128,120,135,134,128,134,135,130
131,134,130,127,136,138,134,136,125,130
71,81,78,71,77,76,84,79,75,80
87,86,70,88,87,87,74,70,79,80
88,83,71,81,83,83,84,80,87,80
132,130,133,131,136,131,123,133,120,130
87,83,70,79,74,87,89,75,88,80
88,71,85,71,85,70,85,81,83,80
70,82,83,83,73,71,81,85,82,80
132,120,122,133,139,120,125,122,120,130
70,80,77,70,72,81,75,81,81,80
122,127,131,129,121,122,135,136,129,130
70,73,88,78,87,77,73,86,70,80
135,126,121,125,137,123,124,138,127,130
86,89,87,86,73,83,75,76,79,80
72,79,75,72,87,76,79,74,73,80
137,130,136,126,136,131,122,120,123,130
128,129,138,120,137,126,138,135,124,130
79,74,76,71,77,81,84,86,79,80
129,121,124,139,120,136,121,132,133,130
85,74,86,70,88,80,76,75,80,80
127,133,133,131,137,126,135,132,139,130
77,74,71,84,73,85,81,70,88,80
123,139,130,127,134,133,124,127,139,130
83,77,75,84,80,80,78,83,86,80
71,82,82,88,76,82,76,81,78,80
125,123,125,133,129,129,121,128,120,130
79,80,80,86,74,84,82,81,71,80
88,84,84,79,85,71,76,81,87,80
84,71,74,70,82,79,75,74,89,80
70,81,85,83,81,76,82,81,77,80
88,80,73,81,80,89,74,79,84,80
84,78,78,79,72,81,85,86,87,80
130,120,131,125,134,125,122,137,134,130
134,125,136,132,138,133,133,124,130,130
135,137,129,133,137,135,139,130,126,130
87,82,74,82,72,82,88,81,84,80
77,70,82,76,87,81,75,71,75,80
82,74,85,79,71,87,82,79,89,80
126,123,137,123,138,126,130,126,133,130
85,89,72,83,81,81,88,87,77,80
131,125,137,134,129,129,129,120,125,130
127,132,129,131,129,132,125,130,139,130
84,83,82,73,77,78,71,82,73,80
124,136,132,135,135,128,134,131,121,130
122,127,124,124,120,121,127,137,130,130
84,73,80,72,72,87,74,79,86,80
77,84,86,85,76,70,71,74,79,80
129,131,130,132,133,123,129,121,132,130
138,127,121,126,124,129,121,120,120,130
80,84,71,71,77,80,72,76,89,80
123,122,139,126,137,132,128,125,137,130
82,81,79,70,88,70,84,72,72,80
135,123,125,122,133,133,131,131,121,130
70,80,88,78,71,88,77,71,81,80
84,85,87,82,79,76,74,75,72,80
81,81,76,72,74,78,75,71,80,80
88,70,89,75,77,78,79,75,89,80
78,75,85,82,89,70,76,71,82,80
72,70,85,87,74,85,76,81,84,80
120,131,132,121,131,124,132,120,120,130
75,82,83,86,84,72,78,84,79,80
121,136,135,130,135,133,124,127,135,130
78,80,85,84,76,77,80,83,79,80
72,83,89,76,89,83,70,71,74,80
137,127,131,127,137,122,122,133,120,130
133,136,133,128,123,135,136,136,132,130
85,72,89,77,88,82,84,75,86,80
122,130,135,131,138,138,134,131,134,130
80,87,71,79,78,88,83,86,70,80
129,136,135,139,126,132,129,135,129,130
128,127,131,123,127,129,131,139,120,130
127,127,130,120,126,126,125,125,129,130
132,127,129,134,120,127,132,120,139,130
75,74,80,75,82,74,88,78,88,80
80,72,71,78,76,73,80,80,78,80
126,136,135,134,134,136,126,133,128,130
81,73,88,75,86,73,87,84,73,80
123,128,139,120,137,121,125,122,128,130
71,76,87,87,82,85,87,79,73,80
80,84,81,78,82,84,88,86,86,80
83,74,89,77,83,85,73,78,72,80
82,85,77,86,86,71,86,72,74,80
71,82,81,81,87,75,78,73,75,80
84,73,83,83,84,81,73,74,76,80
89,79,89,87,84,82,71,72,72,80
76,82,80,77,84,77,85,80,71,80
132,122,134,126,122,120,127,126,137,130
89,78,71,77,86,88,86,71,89,80
124,133,138,133,136,136,130,138,128,130
121,130,123,128,122,129,132,122,127,130
71,79,72,71,79,79,81,82,87,80
83,82,77,76,87,77,89,71,85,80
131,122,121,125,129,126,124,121,122,130
74,76,87,76,77,77,74,84,78,80
126,126,132,124,135,136,132,134,132,130
124,126,127,121,127,133,128,132,138,130
132,134,120,136,127,129,122,120,138,130
125,133,130,132,138,131,132,139,139,130
75,77,86,70,74,88,74,74,79,80
71,75,72,78,81,79,80,81,73,80
122,121,132,128,120,128,133,135,121,130
79,85,82,70,77,73,77,73,72,80
77,77,84,72,82,80,76,89,86,80
88,80,84,73,81,80,72,70,87,80
86,80,81,88,89,77,83,81,76,80
123,127,135,126,124,137,134,120,122,130
81,87,86,74,73,83,84,80,80,80
126,133,127,121,130,131,127,123,125,130
72,76,87,74,81,79,72,79,75,80
129,130,121,131,135,130,132,123,131,130
88,84,70,82,79,70,80,78,82,80
89,75,77,72,79,74,83,85,86,80
136,126,139,127,131,134,121,128,122,130
133,138,127,137,130,133,124,132,139,130
86,71,78,89,87,84,81,76,76,80
131,127,125,125,123,126,126,138,123,130
120,139,132,125,131,126,130,137,134,130
88,73,80,83,70,72,78,83,74,80
120,132,135,131,132,126,121,132,135,130
134,138,126,131,132,128,120,122,133,130
88,85,74,75,77,89,75,81,71,80
122,124,134,138,134,124,132,122,136,130
124,134,132,127,124,135,138,120,133,130
78,70,86,77,82,85,79,89,82,80
71,72,70,70,88,87,85,79,82,80
123,134,123,133,132,137,134,123,137,130
70,83,87,81,88,74,78,70,73,80
88,87,83,82,79,71,77,76,75,80
126,137,132,127,133,129,124,137,122,130
126,130,123,133,133,123,128,123,136,130
127,137,128,124,131,134,122,124,124,130
129,124,130,121,137,123,129,139,135,130
76,74,75,89,87,79,81,76,76,80
134,126,137,137,138,137,137,123,131,130
70,81,77,72,71,71,74,75,74,80
139,129,135,124,137,133,137,130,137,130
139,133,133,134,125,127,136,129,121,130
131,133,123,130,133,134,131,129,128,130
76,86,80,81,84,87,72,89,70,80
70,76,81,77,76,89,87,80,75,80
130,131,126,127,135,130,137,134,138,130
85,73,75,87,80,71,83,72,72,80
74,82,70,88,72,88,76,84,81,80
70,88,81,73,84,73,73,70,79,80
84,77,78,72,88,81,84,80,75,80
76,80,80,70,77,88,83,73,75,80
132,126,131,137,120,138,137,123,120,130
125,126,131,132,132,125,137,135,126,130
80,84,87,86,77,85,71,77,73,80
70,77,73,76,78,71,88,74,89,80
87,80,74,78,77,84,77,70,75,80
130,136,121,138,136,120,123,130,132,130
131,131,134,136,126,138,128,136,132,130
124,136,130,121,124,125,125,124,128,130
85,88,70,76,77,86,78,81,79,80
88,76,80,84,87,85,87,87,88,80
133,120,133,121,129,130,127,131,130,130
126,121,136,122,125,129,131,137,128,130
126,130,122,128,128,120,126,133,125,130
82,71,71,74,78,73,77,74,75,80
81,72,81,83,70,80,70,84,76,80
137,127,124,128,138,139,136,130,135,130
120,136,122,132,124,134,132,121,130,130
70,88,78,82,78,77,72,70,76,80
127,129,127,130,131,130,131,128,131,130
134,133,120,135,125,132,121,121,123,130
87,80,71,74,71,77,79,71,75,80
76,70,74,87,86,88,70,71,74,80
79,86,72,89,71,78,78,77,82,80
125,129,132,134,136,133,120,131,126,130
129,127,131,126,127,127,130,127,139,130
75,70,89,89,79,73,72,81,87,80
83,89,85,85,83,81,84,79,88,80
135,126,132,137,122,124,137,126,139,130
121,136,128,121,123,133,121,139,125,130
85,71,77,84,78,89,76,80,70,80
80,73,83,71,73,71,70,79,71,80
136,138,127,133,136,126,125,129,139,130
76,75,70,70,87,81,86,82,72,80
120,134,120,125,123,126,124,135,139,130
71,81,84,80,89,81,87,82,75,80
71,87,75,85,77,77,79,89,88,80
73,72,87,82,70,81,87,71,73,80
71,81,79,73,76,89,74,79,70,80
70,80,85,86,87,80,70,74,86,80
71,79,87,74,78,76,78,72,79,80
83,75,75,81,73,87,88,71,83,80
137,120,131,123,136,129,135,128,135,130
127,120,128,139,127,130,128,135,132,130
137,128,131,137,134,124,131,127,135,130
120,130,122,121,138,126,131,128,137,130
125,127,126,136,123,132,121,135,138,130
138,126,137,130,139,123,136,131,124,130
125,138,138,137,139,120,125,124,125,130
132,126,136,138,124,131,133,131,138,130
88,83,81,89,72,74,70,73,86,80
138,137,129,129,137,137,126,120,128,130
88,84,84,87,71,87,76,86,83,80
139,131,136,122,139,127,138,128,137,130
139,136,131,134,128,123,139,130,138,130
127,124,130,137,132,125,128,139,133,130
127,139,126,126,131,121,130,137,125,130
78,88,73,84,85,88,87,83,84,80
80,81,73,85,81,82,72,72,83,80
70,81,89,78,73,73,88,84,83,80
87,86,79,74,86,75,87,71,70,80
76,77,80,72,74,83,72,76,81,80
85,77,72,88,85,71,86,86,70,80
73,81,79,76,89,85,86,73,70,80
82,73,89,81,79,81,80,89,75,80
70,81,86,80,72,70,80,87,82,80
83,81,83,77,86,74,88,83,89,80
84,76,74,86,72,81,83,74,88,80
79,86,81,88,74,74,71,70,70,80
70,79,80,79,71,73,83,76,73,80
121,129,122,130,137,131,128,128,138,130
130,121,134,137,129,136,127,123,129,130
136,130,127,132,123,138,129,138,123,130
84,70,86,82,77,80,70,74,81,80
79,73,73,79,79,83,71,89,72,80
85,71,84,89,82,77,79,76,87,80
128,131,128,128,137,120,128,128,123,130
89,78,70,75,75,89,72,72,77,80
132,133,121,129,134,132,132,121,132,130
135,139,139,120,130,133,124,137,124,130
123,127,128,139,125,120,131,125,126,130
77,76,88,74,79,87,76,84,83,80
134,134,138,131,123,134,122,135,131,130
71,72,75,78,85,87,83,83,77,80
130,124,131,128,135,123,128,124,137,130
135,133,125,121,122,125,123,121,123,130
77,70,70,81,87,85,78,76,79,80
78,80,79,72,87,85,81,80,81,80
71,76,72,75,70,72,75,84,84,80
132,130,124,126,134,120,133,128,126,130
74,85,86,87,70,81,75,78,76,80
81,79,76,70,77,72,84,87,70,80
70,84,70,77,77,74,76,80,70,80
137,134,129,120,130,120,125,135,136,130
128,125,128,126,134,137,135,126,131,130
135,132,127,129,124,127,127,133,135,130
84,71,82,70,82,73,74,72,81,80
120,122,126,122,136,125,130,125,124,130
128,130,126,126,132,133,135,135,138,130
77,77,75,73,83,81,83,89,70,80
133,128,121,123,135,135,122,126,133,130
135,122,129,128,125,129,120,138,132,130
77,85,71,79,88,85,79,82,74,80
71,80,89,77,86,78,81,89,72,80
125,139,133,133,121,135,139,134,121,130
74,78,88,89,74,75,74,82,80,80
133,123,137,120,131,120,126,130,132,130
82,83,81,83,85,72,87,83,84,80
77,75,88,86,84,79,73,81,88,80
128,121,137,126,133,126,133,130,131,130
123,122,133,123,130,123,130,127,121,130
136,128,138,129,121,138,129,122,125,130
139,139,134,122,132,130,129,139,134,130
77,81,87,83,83,79,88,78,83,80
137,133,135,135,124,124,138,131,129,130
123,137,139,136,135,134,131,131,121,130
130,134,120,126,130,133,124,125,121,130
84,87,72,70,75,85,73,83,87,80
124,124,138,136,127,122,126,132,133,130
83,79,72,81,72,85,89,72,73,80
125,127,139,130,124,126,127,125,139,130
137,135,126,121,123,133,137,120,133,130
77,81,85,85,75,87,80,77,77,80
138,122,127,125,126,136,128,123,133,130
130,137,124,136,136,120,138,137,120,130
79,88,86,77,83,72,89,71,83,80
133,130,127,134,121,126,123,129,139,130
120,139,134,132,121,124,125,132,125,130
75,77,73,89,86,72,73,75,89,80
126,125,132,139,136,126,121,125,122,130
125,120,127,123,122,136,136,134,130,130
86,78,75,74,85,83,70,85,87,80
83,81,78,75,84,73,89,74,87,80
86,81,89,79,84,78,86,81,84,80
128,122,133,135,129,123,126,139,138,130
71,77,88,75,89,88,86,84,89,80
88,86,83,81,85,89,73,88,85,80
134,138,136,128,133,123,120,127,139,130
137,137,134,131,136,132,135,123,136,130
72,70,83,80,87,74,72,82,79,80
81,88,80,80,71,86,82,77,84,80
122,139,122,138,120,121,132,131,135,130
76,89,73,87,72,83,79,70,78,80
81,89,89,84,83,80,79,81,79,80
139,121,132,126,128,127,124,127,124,130
130,133,131,130,135,131,129,133,120,130
125,129,121,132,131,130,138,131,131,130
135,128,128,137,130,133,130,126,121,130
126,124,136,123,127,137,134,135,139,130
120,136,131,130,128,138,129,121,138,130
138,130,131,137,139,135,122,124,135,130
89,79,77,88,89,88,86,75,88,80
78,74,82,75,83,85,78,89,82,80
85,71,84,74,86,86,85,87,88,80
135,125,123,135,137,129,129,134,137,130
139,128,135,131,120,122,139,121,135,130
120,137,127,135,139,131,131,134,137,130
89,86,73,89,72,83,70,82,84,80
128,125,121,123,137,128,124,131,129,130
123,135,127,127,120,138,129,134,124,130
79,82,80,78,78,74,70,88,88,80
135,120,128,125,131,134,133,137,122,130
77,75,79,72,78,71,80,71,85,80
76,80,82,80,73,83,81,76,70,80
72,88,72,83,82,79,77,76,82,80
134,127,125,136,120,139,127,121,127,130
128,124,136,128,132,132,132,124,120,130
128,126,137,123,136,120,122,134,126,130
120,130,127,121,131,137,129,127,139,130
135,127,123,124,133,123,136,127,122,130
85,72,89,72,82,86,87,75,81,80
74,73,78,73,72,76,75,72,75,80
125,136,126,138,131,132,123,133,137,130
80,83,74,81,85,88,75,77,73,80
135,124,136,124,132,120,121,133,135,130
87,70,86,78,77,70,70,74,74,80
126,135,123,128,138,131,138,139,136,130
78,79,85,74,84,86,70,84,79,80
75,70,71,79,78,75,79,71,82,80
130,134,126,127,127,135,139,125,128,130
137,130,133,130,126,122,137,123,131,130
120,131,122,131,127,131,121,132,128,130
75,76,85,77,88,79,85,83,78,80
73,76,74,89,84,73,89,78,71,80
122,129,125,133,132,130,129,133,128,130
127,125,133,134,120,138,135,126,131,130
76,84,78,79,85,75,76,71,82,80
83,86,86,81,87,71,81,85,86,80
134,139,133,139,133,122,120,122,131,130
127,134,130,123,132,131,120,137,129,130
73,74,85,75,70,74,80,73,86,80
74,75,79,86,70,88,85,89,73,80
138,138,120,129,136,131,134,124,124,130
136,137,134,129,136,137,131,130,124,130
121,133,132,127,136,134,124,137,125,130
87,73,79,75,80,76,88,73,78,80
89,87,82,78,81,78,85,88,70,80
128,139,122,131,134,139,126,122,129,130
134,121,131,131,128,138,136,134,128,130
86,73,86,71,74,78,78,89,70,80
137,124,125,135,135,128,122,135,138,130
74,71,77,86,74,86,74,70,88,80
80,73,70,72,73,89,75,86,73,80
135,121,134,137,127,129,124,131,126,130
127,138,139,128,128,132,134,129,139,130
74,82,83,71,73,72,87,72,79,80
128,138,133,124,130,136,130,133,134,130
133,138,138,125,134,124,120,121,134,130
136,134,137,123,120,139,126,130,136,130
83,82,77,82,75,75,77,76,70,80
137,131,130,132,135,125,137,130,122,130
74,86,84,85,82,87,87,77,77,80
89,88,75,81,73,72,71,82,86,80
129,129,125,127,130,132,127,130,134,130
121,139,124,134,121,133,128,120,122,130
78,84,83,75,85,80,87,82,84,80
135,138,121,131,131,126,133,124,132,130
82,74,77,74,71,88,82,85,77,80
125,124,131,122,135,138,127,133,123,130
76,87,74,89,89,72,81,70,70,80
131,122,136,127,136,135,128,133,136,130
80,83,79,82,83,82,76,76,75,80
139,139,123,127,123,129,121,126,133,130
133,136,132,123,122,134,123,127,127,130
89,71,84,77,83,84,70,81,87,80
83,79,72,83,87,78,79,71,83,80
82,75,76,80,70,84,71,89,84,80
134,136,127,134,133,127,126,125,137,130
79,83,83,80,87,88,72,82,88,80
87,88,77,86,84,72,84,83,70,80
85,83,74,87,77,71,85,74,85,80
71,89,89,77,81,76,81,80,77,80
87,86,81,77,73,77,84,82,77,80
77,81,75,70,80,87,80,86,80,80
80,82,75,70,70,71,81,74,74,80
83,79,81,79,70,85,81,73,88,80
70,89,84,71,87,72,73,73,81,80
124,136,130,122,125,123,122,124,123,130
137,128,124,123,126,125,127,128,133,130
83,76,74,70,71,85,89,83,79,80
136,137,136,134,136,132,121,129,123,130
135,134,131,138,131,137,139,122,125,130
120,120,132,135,123,120,121,121,133,130
88,70,71,82,77,87,75,70,89,80
125,127,120,129,126,129,122,132,124,130
129,126,139,130,132,127,131,126,133,130
139,123,129,139,138,122,121,139,126,130
126,136,130,121,133,136,134,134,136,130
79,88,80,70,70,77,80,89,85,80
85,88,73,86,82,86,88,75,80,80
139,137,129,122,134,128,131,137,139,130
73,83,85,77,74,74,86,79,88,80
77,86,79,85,88,74,89,88,78,80
85,80,86,86,71,89,73,85,81,80
78,89,70,74,72,78,87,79,70,80
81,72,74,87,83,73,76,77,73,80
83,77,70,84,85,83,82,82,76,80
88,86,86,73,73,81,72,84,86,80
75,83,79,74,87,79,79,79,79,80
76,77,79,81,81,70,86,84,71,80
133,134,131,137,133,130,128,130,130,130
71,74,71,81,82,83,87,78,82,80
137,130,138,139,122,120,128,127,123,130
89,89,87,85,75,72,71,79,73,80
126,135,126,133,138,134,123,135,123,130
76,70,86,77,77,72,82,88,71,80
122,136,126,122,124,121,134,123,139,130
126,129,126,139,137,139,128,126,123,130
122,127,134,121,132,137,135,120,122,130
70,74,71,83,80,88,80,79,75,80
76,85,78,89,86,84,85,89,75,80
77,78,81,86,77,86,75,81,86,80
120,122,121,128,122,138,125,129,139,130
71,78,85,78,88,75,87,85,83,80
72,79,78,78,76,78,74,73,78,80
124,129,127,123,126,138,139,128,129,130
82,78,83,79,77,72,87,80,77,80
120,122,135,139,134,135,125,120,133,130
71,72,75,79,74,86,74,87,78,80
80,80,85,82,71,76,74,75,76,80
85,70,78,74,72,71,85,86,83,80
78,86,72,81,78,84,80,84,71,80
125,125,128,132,132,133,126,133,130,130
129,138,137,133,135,137,121,134,138,130
121,132,123,134,135,129,137,122,126,130
129,129,125,128,133,130,128,131,124,130
123,123,131,127,128,128,137,139,125,130
86,76,84,75,74,83,83,78,77,80
80,82,83,83,80,81,77,72,81,80
135,129,130,122,135,121,134,129,128,130
134,131,121,133,139,123,138,122,136,130
81,75,79,80,73,88,83,71,74,80
83,86,84,78,81,72,87,87,75,80
80,78,74,77,71,78,72,78,76,80
133,130,134,138,128,128,132,128,128,130
124,133,135,133,121,132,129,121,125,130
76,86,89,77,73,88,73,76,88,80
135,123,131,124,122,138,124,123,139,130
134,127,134,125,136,122,128,128,131,130
81,71,71,87,75,79,89,85,75,80
81,86,83,89,86,73,86,81,81,80
75,82,88,72,84,82,71,89,76,80
72,71,79,89,76,88,89,74,70,80
138,132,133,124,128,137,123,129,135,130
72,89,81,75,81,71,82,81,77,80
87,76,78,77,72,84,79,82,76,80
80,78,89,80,75,83,72,74,87,80
88,80,83,74,70,74,89,85,87,80
75,78,82,89,73,88,77,83,81,80
89,77,79,72,82,72,86,74,78,80
132,139,134,130,127,121,132,139,138,130
128,139,131,124,123,137,128,120,127,130
89,87,77,73,73,86,83,82,73,80
139,139,123,134,135,128,127,121,135,130
138,120,137,128,138,124,136,129,126,130
72,84,84,75,80,79,86,82,85,80
81,84,88,85,72,87,84,70,70,80
126,132,138,120,139,123,125,133,129,130
80,73,80,78,82,83,75,80,83,80
82,72,71,83,89,70,79,88,86,80
133,130,122,129,121,134,126,128,120,130
85,71,85,77,72,84,83,73,86,80
70,81,83,79,77,72,84,72,86,80
73,84,83,75,79,71,83,84,81,80
132,121,132,138,127,126,124,134,120,130
136,123,128,138,124,130,129,139,120,130
75,77,77,80,75,73,84,72,83,80
123,126,123,126,121,129,124,120,128,130
120,129,133,132,126,121,135,125,132,130
82,72,85,74,76,81,71,78,83,80
128,122,128,129,133,128,139,120,121,130
79,77,70,84,74,74,79,75,89,80
73,86,74,85,81,76,70,82,85,80
89,84,71,70,83,80,75,84,78,80
81,86,84,73,85,86,87,85,81,80
83,88,78,74,83,70,71,74,86,80
87,84,84,89,80,84,73,83,73,80
121,125,127,136,122,126,136,138,129,130
134,134,129,133,132,124,122,127,123,130
84,83,73,79,77,82,70,76,82,80
122,123,127,128,132,127,131,125,128,130
132,129,139,131,124,133,123,129,139,130
85,77,75,71,70,83,86,81,76,80
86,88,76,79,87,83,87,70,74,80
74,83,87,74,85,79,79,80,80,80
72,74,83,87,78,85,72,70,82,80
130,138,121,138,139,134,127,130,137,130
130,139,128,125,123,132,135,139,139,130
74,87,73,80,79,81,87,88,78,80
82,74,87,77,79,78,73,79,84,80
86,85,76,89,81,85,74,80,82,80
126,130,132,134,125,135,122,130,136,130
127,123,128,132,134,138,137,131,124,130
83,88,83,85,72,74,71,89,73,80
133,125,132,121,137,125,126,138,131,130
123,124,125,127,122,122,130,128,137,130
120,132,134,132,128,131,132,135,138,130
81,77,71,70,75,70,83,82,89,80
131,131,138,124,135,130,123,133,122,130
80,77,71,81,77,79,89,73,71,80
121,132,126,136,136,126,125,121,127,130
136,132,121,129,122,137,139,121,133,130
134,135,126,137,121,128,126,134,121,130
88,73,82,81,81,88,73,80,88,80
76,78,77,87,71,76,88,72,82,80
79,71,78,81,81,71,87,72,82,80
88,81,83,83,79,75,80,80,85,80
82,74,81,71,81,86,83,83,75,80
134,120,124,122,130,136,130,128,124,130
76,79,86,72,76,84,75,75,82,80
125,128,130,134,135,121,139,125,131,130
77,82,76,80,77,87,76,70,74,80
123,132,129,134,124,133,139,124,130,130
89,81,85,74,79,80,73,78,84,80
123,130,137,124,139,131,135,124,131,130
137,131,131,132,128,135,122,129,124,130
89,71,75,87,89,73,70,73,75,80
139,131,129,137,135,126,121,133,131,130
121,129,122,134,120,129,122,134,125,130
88,78,83,86,82,82,72,76,73,80
137,139,120,135,136,129,121,132,123,130
133,132,123,131,136,120,123,120,130,130
139,138,130,134,126,135,139,126,138,130
79,87,86,86,78,85,89,81,73,80
134,128,130,121,127,138,137,139,120,130
73,79,82,71,77,76,70,88,71,80
134,126,128,120,139,128,128,133,124,130
80,84,86,76,87,70,74,70,73,80
130,138,124,137,123,128,120,127,132,130
126,124,120,135,133,125,137,128,130,130
135,123,123,130,121,123,123,121,134,130
134,137,131,139,132,129,131,132,126,130
120,135,132,129,132,136,127,132,132,130
139,132,125,129,138,123,123,128,133,130
128,136,125,122,122,131,131,121,125,130
137,129,125,139,127,125,138,138,132,130
87,71,83,82,80,88,89,73,82,80
89,72,80,89,73,77,77,82,80,80
88,85,71,86,86,74,71,88,86,80
134,138,129,136,137,126,135,138,132,130
128,124,138,133,132,127,123,128,126,130
132,135,133,131,136,130,121,120,124,130
83,88,75,84,71,77,74,84,89,80
122,126,134,135,129,134,136,123,126,130
123,122,128,121,121,132,121,125,120,130
131,125,125,127,120,121,125,122,122,130
138,122,135,138,120,130,130,124,126,130
139,131,134,129,126,138,125,133,138,130
86,72,78,77,81,71,88,83,77,80
121,136,123,121,139,129,139,120,124,130
127,120,127,131,129,128,124,125,123,130
127,124,134,124,128,136,132,122,136,130
129,134,124,124,120,120,128,139,124,130
71,72,75,74,87,81,88,79,74,80
123,129,127,138,129,131,134,120,129,130
72,70,83,78,73,78,78,71,76,80
134,133,137,125,138,139,135,121,127,130
120,123,133,131,126,130,133,127,125,130
70,83,79,70,78,84,71,89,74,80
80,83,80,76,76,76,79,82,79,80
70,73,71,72,83,77,89,75,76,80
71,88,82,79,86,75,89,84,81,80
128,128,123,137,123,120,120,121,134,130
82,81,70,88,75,85,72,84,80,80
126,127,128,121,137,121,127,132,128,130
73,73,76,75,80,88,82,87,83,80
82,86,88,83,72,76,80,73,84,80
80,82,78,75,70,74,72,71,86,80
126,139,139,138,128,135,125,125,125,130
123,137,137,120,123,123,132,130,133,130
84,71,80,77,83,84,82,74,71,80
133,135,137,138,124,124,137,134,135,130
71,78,83,75,89,87,84,79,86,80
124,135,121,137,124,138,129,138,126,130
87,88,83,80,86,82,89,73,78,80
137,131,128,120,125,127,128,128,129,130
86,74,80,75,88,79,85,80,81,80
83,81,80,78,77,76,88,79,76,80
139,136,128,139,133,131,139,136,125,130
86,88,86,84,85,75,82,79,82,80
125,137,122,123,126,137,129,122,128,130
122,131,134,125,120,136,128,135,136,130
138,126,130,139,123,123,135,128,135,130
131,126,138,132,121,120,133,127,138,130
72,78,89,71,73,79,78,80,85,80
80,85,83,86,83,85,84,83,87,80
125,131,135,120,125,127,122,132,138,130
120,128,125,131,124,137,138,139,138,130
137,124,120,133,136,121,127,128,123,130
123,126,132,135,120,121,139,124,129,130
70,75,89,77,88,79,78,83,70,80
128,139,121,122,127,127,137,122,139,130
83,83,73,84,76,80,70,71,72,80
82,89,82,78,70,77,85,71,73,80
125,131,131,136,131,130,134,121,137,130
130,128,129,133,138,129,126,130,132,130
85,76,81,74,84,82,70,77,70,80
127,122,126,127,137,129,139,128,137,130
81,76,77,71,84,79,86,71,87,80
133,134,124,137,124,130,132,126,124,130
84,83,87,84,79,72,79,87,70,80
139,133,136,125,136,128,125,120,130,130
134,133,120,127,129,134,130,133,127,130
135,123,122,129,137,123,133,123,133,130
129,139,130,134,135,134,129,122,126,130
139,130,134,127,128,137,122,139,124,130
85,82,80,84,71,74,89,71,79,80
135,134,133,122,128,127,131,125,127,130
84,70,76,89,86,87,88,70,77,80
82,87,79,78,86,71,80,72,75,80
88,85,88,89,81,79,77,79,89,80
85,73,86,80,75,70,85,81,75,80
81,70,73,77,77,81,85,80,85,80
70,73,78,71,81,72,74,70,72,80
139,122,121,132,139,132,120,136,137,130
124,121,121,136,124,136,123,131,128,130
123,137,121,131,127,130,131,120,137,130
139,128,124,132,136,131,128,132,133,130
86,73,83,77,84,73,75,78,72,80
125,127,124,124,126,123,122,120,124,130
84,77,87,70,70,80,81,78,73,80
85,83,74,73,86,71,78,80,72,80
74,81,70,87,83,77,76,73,70,80
131,121,123,139,138,129,124,136,136,130
127,120,135,136,131,125,137,139,136,130
134,129,139,123,134,135,120,121,120,130
135,120,122,123,133,126,130,127,135,130
86,85,87,80,79,87,76,79,71,80
88,79,73,80,70,82,87,89,78,80
137,129,135,129,124,124,125,130,130,130
137,129,136,121,134,138,120,134,130,130
128,133,139,130,120,123,135,121,132,130
123,134,124,126,125,135,120,135,129,130
84,80,75,88,71,70,89,75,88,80
78,82,85,81,81,75,78,82,84,80
83,71,78,85,76,77,81,75,71,80
121,121,128,132,139,122,124,133,129,130
86,75,87,76,76,71,77,83,84,80
79,84,78,84,71,86,72,80,87,80
139,126,138,135,125,130,132,124,128,130
77,72,78,72,71,71,88,77,81,80
88,84,81,84,88,74,74,81,87,80
132,129,131,124,121,124,121,127,132,130
89,77,72,87,81,80,86,83,87,80
129,131,127,129,131,123,139,138,128,130
122,128,136,124,139,136,135,135,124,130
127,134,125,131,139,139,126,127,127,130
120,122,127,122,139,135,127,133,124,130
80,72,71,70,72,86,86,75,89,80
80,79,79,77,84,71,77,88,75,80
87,71,82,73,84,85,74,80,83,80
131,132,132,132,138,120,122,129,126,130
120,127,139,130,134,130,128,137,129,130
135,130,121,137,134,123,129,134,139,130
80,80,82,77,74,71,73,75,89,80
138,124,121,125,137,123,122,139,128,130
71,77,78,87,76,82,79,79,73,80
79,80,74,83,78,86,86,76,72,80
82,84,89,85,80,75,72,73,82,80
81,78,78,74,78,72,85,70,77,80
77,76,86,82,70,85,76,82,87,80
134,134,132,124,136,120,131,138,127,130
75,70,80,79,77,76,72,71,87,80
88,73,71,86,78,70,75,74,88,80
76,84,85,80,72,89,84,83,86,80
71,89,88,70,87,73,70,80,87,80
124,126,133,139,135,124,125,125,125,130
80,77,82,73,84,84,76,76,89,80
70,72,81,72,72,77,87,80,82,80
133,131,136,126,122,126,138,120,129,130
84,76,71,81,74,86,80,88,85,80
134,127,127,137,121,130,120,133,127,130
125,137,138,123,128,133,126,123,137,130
78,88,77,85,82,88,73,77,78,80
79,70,74,79,82,74,88,79,86,80
89,80,75,77,77,72,86,72,85,80
133,127,139,135,129,128,132,130,122,130
87,86,73,78,78,85,84,78,70,80
134,127,135,123,128,120,121,123,123,130
86,71,71,85,81,74,81,78,73,80
77,79,74,76,73,81,79,78,74,80
136,128,129,122,130,123,129,121,136,130
85,84,85,86,77,76,73,74,85,80
81,84,80,88,74,83,87,86,74,80
132,126,136,131,125,135,122,121,139,130
135,131,136,131,130,125,122,125,126,130
130,128,138,128,127,121,134,131,137,130
136,129,138,120,133,122,121,123,134,130
126,129,139,129,125,128,131,130,136,130
81,84,77,84,82,70,83,74,78,80
76,76,88,82,75,71,79,85,82,80
127,123,125,131,126,135,134,134,120,130
137,124,138,124,136,120,128,120,133,130
89,71,72,71,82,75,77,87,71,80
86,84,79,84,80,84,71,75,75,80
81,81,78,86,81,72,87,75,78,80
123,136,124,132,120,123,126,134,137,130
132,136,134,126,121,126,132,131,125,130
123,133,124,137,135,130,122,121,136,130
74,77,80,71,74,72,76,76,84,80
132,123,130,138,134,135,123,134,138,130
124,129,130,125,121,131,132,123,124,130
126,128,125,122,121,123,122,135,132,130
86,79,83,79,85,72,85,78,79,80
83,70,70,84,83,86,82,75,82,80
74,81,82,87,87,75,84,72,75,80
136,130,138,134,130,139,130,138,134,130
129,131,127,127,130,123,124,133,128,130
134,126,123,126,139,131,139,135,122,130
121,132,126,126,120,130,138,130,138,130
76,89,87,79,78,75,83,89,89,80
122,136,138,129,131,139,138,128,127,130
84,73,76,79,70,73,85,81,77,80
135,122,137,120,135,121,120,139,124,130
128,122,122,121,138,131,128,127,132,130
76,70,73,71,82,86,75,73,71,80
77,76,73,83,71,70,86,87,72,80
129,135,138,120,128,129,134,134,136,130
73,81,82,83,83,74,83,83,88,80
130,138,131,124,132,135,138,127,128,130
126,120,128,128,134,137,137,128,120,130
128,133,135,123,131,137,120,135,137,130
79,88,86,81,76,89,89,80,88,80
135,138,122,126,127,124,137,129,133,130
89,83,86,87,85,76,74,83,76,80
89,71,72,87,80,76,87,73,81,80
138,125,134,121,126,126,127,136,121,130
72,82,81,89,72,72,77,82,74,80
133,125,139,138,135,121,131,136,137,130
139,125,127,130,123,124,135,123,129,130
82,81,70,80,77,78,88,80,86,80
83,80,84,81,73,85,82,78,89,80
83,74,80,89,70,79,73,72,74,80
75,83,83,81,89,89,72,80,73,80
136,120,122,130,124,137,131,128,133,130
139,132,130,128,126,134,130,128,131,130
75,78,74,84,89,74,73,75,84,80
139,130,139,123,138,126,133,121,127,130
88,86,84,81,74,78,70,89,84,80
133,125,134,120,139,136,131,133,133,130
88,76,71,73,83,84,81,87,82,80
85,86,85,70,85,73,84,77,70,80
137,127,130,130,129,133,133,139,127,130
88,80,83,73,84,85,84,88,77,80
89,89,81,70,79,77,70,88,82,80
74,72,89,70,77,80,80,86,73,80
70,71,70,86,83,87,70,89,75,80
120,121,127,121,128,128,124,123,135,130
127,121,132,135,124,121,134,130,120,130
85,86,80,87,81,75,86,86,83,80
82,74,73,84,76,70,79,86,71,80
120,128,130,134,124,137,139,137,126,130
82,81,74,70,88,79,74,81,86,80
72,89,87,89,76,83,72,75,79,80
128,134,136,135,133,129,130,121,127,130
86,87,73,78,76,89,85,89,76,80
131,137,128,120,129,122,131,124,130,130
77,71,86,76,82,85,71,83,73,80
78,78,84,74,87,86,73,80,86,80
139,130,136,128,129,135,124,123,127,130
74,73,74,77,75,75,70,84,74,80
125,132,136,134,128,127,134,122,128,130
124,136,131,127,126,121,130,120,137,130
137,122,139,134,125,124,127,120,138,130
126,137,137,126,121,130,137,129,129,130
123,122,137,123,138,124,130,138,136,130
122,128,132,121,133,120,136,137,136,130
75,81,87,72,79,71,74,80,80,80
139,125,128,128,131,130,126,133,130,130
77,85,87,77,73,89,71,79,83,80
135,138,134,136,121,121,132,125,127,130
80,89,82,81,71,72,80,74,76,80
133,121,136,123,122,139,139,123,133,130
132,121,128,129,138,135,139,135,139,130
121,132,138,126,125,125,131,137,138,130
71,87,85,86,83,77,74,81,78,80
131,121,123,125,134,122,138,138,132,130
76,78,78,85,84,74,70,87,84,80
123,120,129,127,127,136,122,133,126,130
79,82,82,71,79,85,77,86,80,80
89,89,71,73,83,84,80,71,80,80
139,133,133,126,130,136,136,131,133,130
77,80,86,79,74,82,75,71,78,80
77,85,85,82,74,77,75,81,87,80
125,139,127,128,137,133,134,132,120,130
126,127,124,123,136,130,139,128,120,130
86,85,77,70,89,88,87,76,85,80
135,127,124,125,123,122,139,129,128,130
72,83,89,78,76,84,78,77,79,80
129,139,127,125,136,130,131,135,138,130
82,80,80,84,77,74,74,86,84,80
76,87,70,81,87,84,74,82,76,80
71,81,82,89,86,80,79,74,80,80
137,131,138,125,136,126,125,136,127,130
72,79,82,86,84,74,88,71,78,80
88,87,87,76,87,82,89,89,82,80
139,139,125,139,123,123,131,120,126,130
130,125,132,124,135,134,122,133,135,130
131,130,134,124,139,130,133,130,139,130
122,122,128,138,138,121,122,137,130,130
120,134,132,135,128,130,129,132,130,130
128,139,120,132,126,135,129,129,130,130
134,133,121,124,135,138,130,126,126,130
74,73,85,74,78,73,80,78,77,80
82,75,74,86,74,72,78,72,87,80
77,81,80,70,81,85,82,82,84,80
81,83,73,80,71,75,73,84,78,80
89,86,83,80,76,85,70,73,79,80
77,71,80,85,82,78,72,71,81,80
139,122,121,120,132,123,131,131,127,130
89,80,72,70,76,89,72,86,83,80
120,123,120,124,122,120,132,139,136,130
81,84,81,84,73,75,78,84,74,80
86,85,70,85,89,81,70,82,75,80
121,129,131,125,124,134,136,126,131,130
73,86,75,80,73,71,79,81,72,80
125,121,127,125,134,121,123,124,133,130
80,86,74,87,80,83,81,73,71,80
137,139,131,136,126,133,130,121,133,130
81,76,86,78,76,77,72,72,87,80
89,79,79,74,78,70,70,70,88,80
75,86,88,86,84,80,76,71,72,80
130,134,132,133,138,121,129,128,136,130
132,125,130,136,135,121,139,131,127,130
85,77,89,85,87,77,74,73,78,80
133,130,122,125,128,129,126,129,131,130
72,80,86,85,84,70,80,76,74,80
120,130,127,121,124,130,129,128,133,130
